Date,Country,City,Specie,count,min,max,median,variance
1/1/2024,CN,Beijing,pm25,263,50,211,154,12937.8
2/1/2024,CN,Beijing,pm25,270,9,220,165,28644.4
3/1/2024,CN,Beijing,pm25,259,5,163,42,28404.2
4/1/2024,CN,Beijing,pm25,281,5,177,155,39254.9
5/1/2024,CN,Beijing,pm25,267,5,164,87,21019.1
6/1/2024,CN,Beijing,pm25,244,5,134,21,5544.84
7/1/2024,CN,Beijing,pm25,258,21,117,50,4565.75
8/1/2024,CN,Beijing,pm25,286,61,157,122,5777.99
9/1/2024,CN,Beijing,pm25,288,5,157,87,15959.1
10/1/2024,CN,Beijing,pm25,280,17,183,65,28407.2
11/1/2024,CN,Beijing,pm25,288,53,186,158,6833.49
12/1/2024,CN,Beijing,pm25,288,55,206,174,6337.99
13/01/2024,CN,Beijing,pm25,288,61,205,114,15074.9
14/01/2024,CN,Beijing,pm25,243,9,107,25,3578.8
15/01/2024,CN,Beijing,pm25,280,17,157,57,16184.6
16/01/2024,CN,Beijing,pm25,287,65,183,151,12870.5
17/01/2024,CN,Beijing,pm25,287,154,181,170,325.85
18/01/2024,CN,Beijing,pm25,287,102,182,161,2664.68
19/01/2024,CN,Beijing,pm25,286,68,162,107,6707.85
20/01/2024,CN,Beijing,pm25,284,13,153,102,14283.2
21/01/2024,CN,Beijing,pm25,224,13,65,30,876.27
22/01/2024,CN,Beijing,pm25,235,13,59,30,930.91
23/01/2024,CN,Beijing,pm25,246,17,57,25,694.85
24/01/2024,CN,Beijing,pm25,274,17,102,42,3572.03
25/01/2024,CN,Beijing,pm25,287,30,107,55,1966.6
26/01/2024,CN,Beijing,pm25,260,46,114,59,1180.71
27/01/2024,CN,Beijing,pm25,260,38,119,57,3805.21
28/01/2024,CN,Beijing,pm25,264,55,153,89,6609.32
29/01/2024,CN,Beijing,pm25,261,59,230,153,17376.2
30/01/2024,CN,Beijing,pm25,286,117,190,173,1282.4
31/01/2024,CN,Beijing,pm25,275,38,191,68,32209.1
1/2/2024,CN,Beijing,pm25,264,13,172,53,25387.6
2/2/2024,CN,Beijing,pm25,288,34,169,117,17135.5
3/2/2024,CN,Beijing,pm25,288,91,177,152,5095.97
4/2/2024,CN,Beijing,pm25,287,74,184,168,2190.68
5/2/2024,CN,Beijing,pm25,288,85,193,157,3794.13
6/2/2024,CN,Beijing,pm25,287,38,181,65,26429.4
7/2/2024,CN,Beijing,pm25,281,46,134,57,3220.61
8/2/2024,CN,Beijing,pm25,275,17,169,50,15530
9/2/2024,CN,Beijing,pm25,287,38,175,117,16076.8
10/2/2024,CN,Beijing,pm25,279,42,159,65,11424
11/2/2024,CN,Beijing,pm25,286,72,168,152,5457.17
12/2/2024,CN,Beijing,pm25,288,82,205,170,5845.25
13/02/2024,CN,Beijing,pm25,286,159,209,181,746.39
14/02/2024,CN,Beijing,pm25,275,13,198,50,47564.2
15/02/2024,CN,Beijing,pm25,273,5,102,25,5112.13
16/02/2024,CN,Beijing,pm25,287,74,165,117,6500.28
17/02/2024,CN,Beijing,pm25,288,132,177,157,383.7
18/02/2024,CN,Beijing,pm25,287,25,181,165,31879.4
19/02/2024,CN,Beijing,pm25,253,13,151,34,1880.03
20/02/2024,CN,Beijing,pm25,245,21,68,46,1267.1
21/02/2024,CN,Beijing,pm25,278,9,99,46,2980.85
22/02/2024,CN,Beijing,pm25,230,9,68,21,1509.15
23/02/2024,CN,Beijing,pm25,283,25,124,76,3447.86
24/02/2024,CN,Beijing,pm25,285,50,173,119,3758.22
25/02/2024,CN,Beijing,pm25,284,34,181,63,10569.5
26/02/2024,CN,Beijing,pm25,283,38,264,147,13436.4
27/02/2024,CN,Beijing,pm25,286,65,168,119,11981.2
28/02/2024,CN,Beijing,pm25,287,46,165,127,11588.4
29/02/2024,CN,Beijing,pm25,262,9,172,34,4652.75
1/3/2024,CN,Beijing,pm25,265,17,107,46,4218.82
2/3/2024,CN,Beijing,pm25,287,63,152,95,3525.75
3/3/2024,CN,Beijing,pm25,282,9,171,74,21514.2
4/3/2024,CN,Beijing,pm25,288,65,157,93,4135.81
5/3/2024,CN,Beijing,pm25,279,78,167,151,1747.76
6/3/2024,CN,Beijing,pm25,279,13,171,89,33293.5
7/3/2024,CN,Beijing,pm25,265,5,182,147,47201.2
8/3/2024,CN,Beijing,pm25,235,13,80,34,2349.83
9/3/2024,CN,Beijing,pm25,287,46,162,112,11478.5
10/3/2024,CN,Beijing,pm25,287,137,184,167,812.32
11/3/2024,CN,Beijing,pm25,287,13,184,134,40401.1
12/3/2024,CN,Beijing,pm25,280,13,175,82,24134.6
13/03/2024,CN,Beijing,pm25,287,34,158,119,8772.78
14/03/2024,CN,Beijing,pm25,278,25,178,91,17282.2
15/03/2024,CN,Beijing,pm25,281,117,191,164,1381.68
16/03/2024,CN,Beijing,pm25,288,21,196,176,46019.3
17/03/2024,CN,Beijing,pm25,266,13,95,30,2663.49
18/03/2024,CN,Beijing,pm25,288,59,163,124,5955.98
19/03/2024,CN,Beijing,pm25,288,13,155,53,8677.54
20/03/2024,CN,Beijing,pm25,277,17,147,53,5506.17
21/03/2024,CN,Beijing,pm25,286,74,172,147,7914.63
22/03/2024,CN,Beijing,pm25,278,13,421,137,30388.1
23/03/2024,CN,Beijing,pm25,288,17,190,161,27629.3
24/03/2024,CN,Beijing,pm25,287,74,173,153,5067.62
25/03/2024,CN,Beijing,pm25,266,91,170,153,2683.34
26/03/2024,CN,Beijing,pm25,287,151,181,165,432.8
27/03/2024,CN,Beijing,pm25,286,165,211,180,1022.98
28/03/2024,CN,Beijing,pm25,286,21,392,74,52917.5
29/03/2024,CN,Beijing,pm25,288,25,174,82,11962.8
30/03/2024,CN,Beijing,pm25,282,17,137,46,8238.88
31/03/2024,CN,Beijing,pm25,274,93,164,119,3921.26
1/4/2024,CN,Beijing,pm25,284,85,170,114,5321.94
2/4/2024,CN,Beijing,pm25,285,87,163,139,4281.12
3/4/2024,CN,Beijing,pm25,288,78,160,124,3504.39
4/4/2024,CN,Beijing,pm25,286,59,157,119,7026.4
5/4/2024,CN,Beijing,pm25,286,55,190,117,15201.9
6/4/2024,CN,Beijing,pm25,287,13,197,160,16436
7/4/2024,CN,Beijing,pm25,255,17,170,42,12838.8
8/4/2024,CN,Beijing,pm25,286,53,175,80,7616.76
9/4/2024,CN,Beijing,pm25,283,50,156,72,3176.78
10/4/2024,CN,Beijing,pm25,285,72,160,117,7697.69
11/4/2024,CN,Beijing,pm25,288,129,231,169,2335.66
12/4/2024,CN,Beijing,pm25,288,78,275,170,17641
13/04/2024,CN,Beijing,pm25,288,70,174,149,7016.28
14/04/2024,CN,Beijing,pm25,288,63,159,114,4894.21
15/04/2024,CN,Beijing,pm25,288,13,188,109,25467.5
16/04/2024,CN,Beijing,pm25,281,21,154,59,6035.11
17/04/2024,CN,Beijing,pm25,286,65,163,134,5443.29
18/04/2024,CN,Beijing,pm25,278,30,171,151,12974.9
19/04/2024,CN,Beijing,pm25,278,42,161,65,2889.93
20/04/2024,CN,Beijing,pm25,279,38,112,61,2098.89
21/04/2024,CN,Beijing,pm25,288,55,176,142,9331.9
22/04/2024,CN,Beijing,pm25,285,63,182,158,2920.52
23/04/2024,CN,Beijing,pm25,279,5,170,21,13649
24/04/2024,CN,Beijing,pm25,286,13,153,80,9011.83
25/04/2024,CN,Beijing,pm25,281,80,181,155,6011.44
26/04/2024,CN,Beijing,pm25,287,25,186,161,2347.73
27/04/2024,CN,Beijing,pm25,288,55,185,153,11651.3
28/04/2024,CN,Beijing,pm25,267,17,87,50,1110.61
29/04/2024,CN,Beijing,pm25,284,34,124,55,2767.02
30/04/2024,CN,Beijing,pm25,263,9,127,34,8492.74
1/5/2024,CN,Beijing,pm25,260,25,85,50,1171.35
2/5/2024,CN,Beijing,pm25,264,53,139,85,2811.96
3/5/2024,CN,Beijing,pm25,268,59,149,87,4798.42
4/5/2024,CN,Beijing,pm25,288,68,167,142,6539.49
5/5/2024,CN,Beijing,pm25,288,76,180,154,4799.74
6/5/2024,CN,Beijing,pm25,286,50,168,102,14849.9
7/5/2024,CN,Beijing,pm25,277,17,155,78,15544.8
8/5/2024,CN,Beijing,pm25,284,57,169,87,12527.3
9/5/2024,CN,Beijing,pm25,284,68,149,107,3287.52
10/5/2024,CN,Beijing,pm25,286,46,410,107,15829.4
11/5/2024,CN,Beijing,pm25,272,21,328,72,33648.5
12/5/2024,CN,Beijing,pm25,284,25,114,59,2977.77
13/05/2024,CN,Beijing,pm25,284,17,155,68,6252.88
14/05/2024,CN,Beijing,pm25,279,17,153,72,17100.1
15/05/2024,CN,Beijing,pm25,256,9,80,30,2561.56
16/05/2024,CN,Beijing,pm25,287,34,139,80,2733.26
17/05/2024,CN,Beijing,pm25,255,61,158,99,4932.74
18/05/2024,CN,Beijing,pm25,225,85,185,147,6905.78
19/05/2024,CN,Beijing,pm25,283,53,231,117,9147.17
20/05/2024,CN,Beijing,pm25,286,21,280,53,6371.96
21/05/2024,CN,Beijing,pm25,263,30,173,70,3299.85
22/05/2024,CN,Beijing,pm25,216,46,220,149,15155.4
23/05/2024,CN,Beijing,pm25,243,46,394,119,14947.9
24/05/2024,CN,Beijing,pm25,285,21,149,55,3091.16
25/05/2024,CN,Beijing,pm25,286,34,168,57,3450.62
26/05/2024,CN,Beijing,pm25,236,5,175,38,11785.8
27/05/2024,CN,Beijing,pm25,279,21,155,68,6639.44
28/05/2024,CN,Beijing,pm25,285,57,155,89,3720.8
29/05/2024,CN,Beijing,pm25,284,53,153,91,3877.09
30/05/2024,CN,Beijing,pm25,286,13,119,63,4442.67
31/05/2024,CN,Beijing,pm25,230,5,76,17,1911.98
1/6/2024,CN,Beijing,pm25,282,21,124,53,3705.78
2/6/2024,CN,Beijing,pm25,283,25,132,61,3456.58
3/6/2024,CN,Beijing,pm25,283,57,127,76,1865.6
4/6/2024,CN,Beijing,pm25,285,42,152,91,7500.83
5/6/2024,CN,Beijing,pm25,286,34,158,104,7848.68
6/6/2024,CN,Beijing,pm25,287,53,160,107,10357.9
7/6/2024,CN,Beijing,pm25,287,13,167,99,24354.7
8/6/2024,CN,Beijing,pm25,286,21,161,89,8748.86
9/6/2024,CN,Beijing,pm25,282,9,192,55,35752.1
10/6/2024,CN,Beijing,pm25,287,5,177,72,32627.5
11/6/2024,CN,Beijing,pm25,282,13,188,42,13138.5
12/6/2024,CN,Beijing,pm25,277,13,154,63,11346.8
13/06/2024,CN,Beijing,pm25,287,13,155,102,16086.3
14/06/2024,CN,Beijing,pm25,225,21,134,65,7639.21
15/06/2024,CN,Beijing,pm25,237,5,172,34,23528.4
16/06/2024,CN,Beijing,pm25,288,25,156,78,10361.9
17/06/2024,CN,Beijing,pm25,272,50,179,91,9703.03
18/06/2024,CN,Beijing,pm25,282,63,157,95,5969.95
19/06/2024,CN,Beijing,pm25,280,63,167,102,6386.8
20/06/2024,CN,Beijing,pm25,281,30,192,109,13133.1
21/06/2024,CN,Beijing,pm25,285,30,158,93,7370.48
22/06/2024,CN,Beijing,pm25,284,17,177,122,16449.1
23/06/2024,CN,Beijing,pm25,288,17,224,107,24537.3
24/06/2024,CN,Beijing,pm25,246,13,139,30,4920.43
25/06/2024,CN,Beijing,pm25,285,17,142,50,6970.7
26/06/2024,CN,Beijing,pm25,287,34,161,93,10187.9
27/06/2024,CN,Beijing,pm25,283,53,129,74,1766.7
28/06/2024,CN,Beijing,pm25,286,65,149,89,1328.25
29/06/2024,CN,Beijing,pm25,287,13,161,99,5720.91
30/06/2024,CN,Beijing,pm25,288,17,158,91,14113
1/7/2024,CN,Beijing,pm25,283,13,132,53,5082.44
2/7/2024,CN,Beijing,pm25,287,38,152,78,4366.85
3/7/2024,CN,Beijing,pm25,287,50,147,78,3833.55
4/7/2024,CN,Beijing,pm25,287,63,162,129,6509.09
5/7/2024,CN,Beijing,pm25,288,46,189,151,10871.5
6/7/2024,CN,Beijing,pm25,288,30,144,63,4288.69
7/7/2024,CN,Beijing,pm25,283,30,152,63,3910.81
8/7/2024,CN,Beijing,pm25,287,30,117,72,3585.25
9/7/2024,CN,Beijing,pm25,287,93,157,132,2432.83
10/7/2024,CN,Beijing,pm25,288,82,160,147,2679.2
11/7/2024,CN,Beijing,pm25,286,104,162,151,1160.77
12/7/2024,CN,Beijing,pm25,280,25,168,78,17283.3
13/07/2024,CN,Beijing,pm25,275,50,156,114,5911.03
14/07/2024,CN,Beijing,pm25,280,70,188,151,6136.96
15/07/2024,CN,Beijing,pm25,232,59,167,117,8685.85
16/07/2024,CN,Beijing,pm25,285,13,154,87,5718.1
17/07/2024,CN,Beijing,pm25,258,13,117,25,6227.88
18/07/2024,CN,Beijing,pm25,272,13,85,46,2497.82
19/07/2024,CN,Beijing,pm25,281,13,137,68,5799.64
20/07/2024,CN,Beijing,pm25,285,13,153,61,4736.85
21/07/2024,CN,Beijing,pm25,209,42,144,89,3470.73
22/07/2024,CN,Beijing,pm25,282,5,151,61,9807.61
23/07/2024,CN,Beijing,pm25,285,34,154,107,7131.54
24/07/2024,CN,Beijing,pm25,277,13,164,78,7145.24
25/07/2024,CN,Beijing,pm25,284,9,107,55,3916.66
26/07/2024,CN,Beijing,pm25,269,13,97,55,5001.67
27/07/2024,CN,Beijing,pm25,283,13,159,59,6955.2
28/07/2024,CN,Beijing,pm25,285,13,99,57,2312.76
29/07/2024,CN,Beijing,pm25,287,13,107,74,4348.49
30/07/2024,CN,Beijing,pm25,264,5,76,30,3221.1
31/07/2024,CN,Beijing,pm25,286,21,109,57,4112
1/8/2024,CN,Beijing,pm25,278,13,104,38,3746.57
2/8/2024,CN,Beijing,pm25,283,13,144,63,5780.71
3/8/2024,CN,Beijing,pm25,287,25,151,65,6390.14
4/8/2024,CN,Beijing,pm25,283,13,152,70,10018.1
5/8/2024,CN,Beijing,pm25,253,9,999,30,39947.5
6/8/2024,CN,Beijing,pm25,288,34,122,65,2948.55
7/8/2024,CN,Beijing,pm25,288,9,164,82,17353.3
8/8/2024,CN,Beijing,pm25,287,25,122,63,3450.28
9/8/2024,CN,Beijing,pm25,286,5,168,97,24576.2
10/8/2024,CN,Beijing,pm25,264,5,99,38,4203.39
11/8/2024,CN,Beijing,pm25,258,5,78,34,3735.72
12/8/2024,CN,Beijing,pm25,123,5,61,13,2170.49
13/08/2024,CN,Beijing,pm25,220,9,72,38,2180.27
14/08/2024,CN,Beijing,pm25,266,30,85,53,1063.5
15/08/2024,CN,Beijing,pm25,288,30,147,82,5160.92
16/08/2024,CN,Beijing,pm25,288,21,159,89,14108.3
17/08/2024,CN,Beijing,pm25,283,34,127,78,3398.11
18/08/2024,CN,Beijing,pm25,286,13,124,57,3529.61
19/08/2024,CN,Beijing,pm25,285,21,109,57,3529.08
20/08/2024,CN,Beijing,pm25,272,13,74,34,2748.42
21/08/2024,CN,Beijing,pm25,274,13,74,30,1950.45
22/08/2024,CN,Beijing,pm25,278,13,93,50,3495.82
23/08/2024,CN,Beijing,pm25,285,17,163,65,11124.4
24/08/2024,CN,Beijing,pm25,284,13,102,55,2818.82
25/08/2024,CN,Beijing,pm25,287,30,114,59,2985.38
26/08/2024,CN,Beijing,pm25,271,9,107,25,6460.7
27/08/2024,CN,Beijing,pm25,256,13,93,30,2732.24
28/08/2024,CN,Beijing,pm25,282,25,102,55,1438.66
29/08/2024,CN,Beijing,pm25,286,46,114,72,1581.17
30/08/2024,CN,Beijing,pm25,283,46,147,89,5731.9
31/08/2024,CN,Beijing,pm25,287,34,169,99,18510.1
1/9/2024,CN,Beijing,pm25,267,5,107,53,9819.44
2/9/2024,CN,Beijing,pm25,165,5,65,21,1973.5
3/9/2024,CN,Beijing,pm25,273,21,97,55,2378.68
4/9/2024,CN,Beijing,pm25,288,57,168,109,7463.29
5/9/2024,CN,Beijing,pm25,212,5,156,25,17458.9
6/9/2024,CN,Beijing,pm25,265,13,82,38,2342.16
7/9/2024,CN,Beijing,pm25,279,30,99,57,1793.15
8/9/2024,CN,Beijing,pm25,269,25,102,65,2106.15
9/9/2024,CN,Beijing,pm25,286,17,163,122,7410.89
10/9/2024,CN,Beijing,pm25,187,5,149,21,8077.56
11/9/2024,CN,Beijing,pm25,264,9,82,30,2283.94
12/9/2024,CN,Beijing,pm25,273,9,95,34,2777
13/09/2024,CN,Beijing,pm25,284,17,93,50,1914.44
14/09/2024,CN,Beijing,pm25,234,9,89,25,4361.69
15/09/2024,CN,Beijing,pm25,281,17,95,50,2710.69
16/09/2024,CN,Beijing,pm25,288,25,127,70,4218.1
17/09/2024,CN,Beijing,pm25,275,25,104,53,2093.33
18/09/2024,CN,Beijing,pm25,288,25,151,68,3948.02
19/09/2024,CN,Beijing,pm25,284,38,151,87,6112.4
20/09/2024,CN,Beijing,pm25,203,5,164,50,38416.2
21/09/2024,CN,Beijing,pm25,74,5,55,13,2956.03
22/09/2024,CN,Beijing,pm25,171,5,78,21,3144.75
23/09/2024,CN,Beijing,pm25,282,25,302,61,4005.75
24/09/2024,CN,Beijing,pm25,286,59,157,93,5723.13
25/09/2024,CN,Beijing,pm25,262,9,175,74,39329.1
26/09/2024,CN,Beijing,pm25,284,13,318,68,9098.6
27/09/2024,CN,Beijing,pm25,288,46,139,82,2612.54
28/09/2024,CN,Beijing,pm25,284,68,160,99,4330.17
29/09/2024,CN,Beijing,pm25,288,5,170,151,20526.9
30/09/2024,CN,Beijing,pm25,110,5,65,21,2771.77
1/10/2024,CN,Beijing,pm25,152,5,63,13,2429.11
2/10/2024,CN,Beijing,pm25,241,9,78,25,2854.82
3/10/2024,CN,Beijing,pm25,284,21,112,57,2697.48
4/10/2024,CN,Beijing,pm25,288,72,159,122,7521.86
5/10/2024,CN,Beijing,pm25,284,91,171,154,2547.49
6/10/2024,CN,Beijing,pm25,283,59,177,157,3454.54
7/10/2024,CN,Beijing,pm25,250,9,149,61,10495.3
8/10/2024,CN,Beijing,pm25,284,13,159,42,12164.9
9/10/2024,CN,Beijing,pm25,288,55,195,161,17019.7
10/10/2024,CN,Beijing,pm25,193,5,172,21,14681.9
11/10/2024,CN,Beijing,pm25,284,13,165,85,14863.9
12/10/2024,CN,Beijing,pm25,285,74,191,158,9803.51
13/10/2024,CN,Beijing,pm25,287,119,199,171,1092.29
14/10/2024,CN,Beijing,pm25,283,97,212,175,2831.42
15/10/2024,CN,Beijing,pm25,281,13,198,63,21363.9
16/10/2024,CN,Beijing,pm25,283,46,117,70,1196.52
17/10/2024,CN,Beijing,pm25,281,70,153,95,3415.7
18/10/2024,CN,Beijing,pm25,287,5,162,104,28051.7
19/10/2024,CN,Beijing,pm25,116,5,99,25,3194.25
20/10/2024,CN,Beijing,pm25,280,17,99,59,2006.63
21/10/2024,CN,Beijing,pm25,285,30,155,104,6947.44
22/10/2024,CN,Beijing,pm25,253,9,154,42,17270.8
23/10/2024,CN,Beijing,pm25,283,25,161,76,7864.15
24/10/2024,CN,Beijing,pm25,287,65,184,117,6275.14
25/10/2024,CN,Beijing,pm25,288,114,250,190,5913.8
26/10/2024,CN,Beijing,pm25,287,161,301,228,8758.77
27/10/2024,CN,Beijing,pm25,193,9,204,34,28549
28/10/2024,CN,Beijing,pm25,284,17,157,70,13508.6
29/10/2024,CN,Beijing,pm25,285,95,188,162,2514.26
30/10/2024,CN,Beijing,pm25,288,13,242,167,12678.6
31/10/2024,CN,Beijing,pm25,286,63,271,175,17307.5
1/11/2024,CN,Beijing,pm25,286,152,242,181,2237.53
2/11/2024,CN,Beijing,pm25,286,87,244,174,4900.02
3/11/2024,CN,Beijing,pm25,211,5,199,163,52005.2
4/11/2024,CN,Beijing,pm25,127,5,104,34,4505.89
5/11/2024,CN,Beijing,pm25,272,17,134,61,4958.08
6/11/2024,CN,Beijing,pm25,286,13,163,102,14720
7/11/2024,CN,Beijing,pm25,286,97,202,158,4086.63
8/11/2024,CN,Beijing,pm25,287,161,227,181,1031.94
9/11/2024,CN,Beijing,pm25,288,157,219,187,1088.23
10/11/2024,CN,Beijing,pm25,286,70,217,186,18133.9
11/11/2024,CN,Beijing,pm25,286,97,183,152,2721.81
12/11/2024,CN,Beijing,pm25,281,99,211,155,5330.71
13/11/2024,CN,Beijing,pm25,277,68,216,119,17745.9
14/11/2024,CN,Beijing,pm25,286,57,163,107,4121.63
15/11/2024,CN,Beijing,pm25,285,46,176,152,10709.4
16/11/2024,CN,Beijing,pm25,262,9,177,38,29894.9
17/11/2024,CN,Beijing,pm25,240,5,91,25,3470.62
18/11/2024,CN,Beijing,pm25,286,13,99,63,2077.52
19/11/2024,CN,Beijing,pm25,280,55,157,97,9966.68
20/11/2024,CN,Beijing,pm25,286,68,158,144,4094.98
21/11/2024,CN,Beijing,pm25,278,9,155,25,13556.4
22/11/2024,CN,Beijing,pm25,285,13,89,42,3015.56
23/11/2024,CN,Beijing,pm25,287,46,137,91,3745.43
24/11/2024,CN,Beijing,pm25,287,102,184,154,5022.86
25/11/2024,CN,Beijing,pm25,227,5,189,50,47512.1
26/11/2024,CN,Beijing,pm25,100,5,55,13,1955.84
27/11/2024,CN,Beijing,pm25,230,9,65,21,1338.98
28/11/2024,CN,Beijing,pm25,233,13,65,25,1706.38
29/11/2024,CN,Beijing,pm25,281,13,112,57,5598.18
30/11/2024,CN,Beijing,pm25,285,25,155,74,3830.91
1/12/2024,CN,Beijing,pm25,286,13,160,104,15991.9
2/12/2024,CN,Beijing,pm25,156,5,65,17,2631.06
3/12/2024,CN,Beijing,pm25,282,13,137,59,6346.21
4/12/2024,CN,Beijing,pm25,284,17,161,53,14768.6
5/12/2024,CN,Beijing,pm25,251,17,137,34,2419.18
6/12/2024,CN,Beijing,pm25,279,13,80,46,2988.81
7/12/2024,CN,Beijing,pm25,257,13,63,30,997.98
8/12/2024,CN,Beijing,pm25,258,21,124,38,5404.37
9/12/2024,CN,Beijing,pm25,285,46,152,78,4719.53
10/12/2024,CN,Beijing,pm25,282,38,152,63,4341.37
11/12/2024,CN,Beijing,pm25,287,42,151,63,6090.96
12/12/2024,CN,Beijing,pm25,287,50,169,122,6378.17
13/12/2024,CN,Beijing,pm25,275,21,161,42,1978.86
14/12/2024,CN,Beijing,pm25,270,21,89,38,1548.87
15/12/2024,CN,Beijing,pm25,272,21,99,46,3445.53
16/12/2024,CN,Beijing,pm25,283,30,132,53,4843.8
17/12/2024,CN,Beijing,pm25,274,13,109,30,1829.96
18/12/2024,CN,Beijing,pm25,233,9,74,25,3091.88
19/12/2024,CN,Beijing,pm25,287,25,151,80,8450.49
20/12/2024,CN,Beijing,pm25,282,25,152,59,11213.1
21/12/2024,CN,Beijing,pm25,234,13,57,25,733.36
22/12/2024,CN,Beijing,pm25,251,17,122,42,5907.94
23/12/2024,CN,Beijing,pm25,276,21,139,74,5558.41
24/12/2024,CN,Beijing,pm25,287,59,186,124,10654.6
25/12/2024,CN,Beijing,pm25,278,34,187,82,28460.1
26/12/2024,CN,Beijing,pm25,244,25,87,42,1504.15
27/12/2024,CN,Beijing,pm25,251,13,61,30,1056.1
28/12/2024,CN,Beijing,pm25,279,17,107,46,3561.29
29/12/2024,CN,Beijing,pm25,285,53,165,85,11662.6
30/12/2024,CN,Beijing,pm25,284,25,160,65,15245.1
31/12/2024,CN,Beijing,pm25,285,30,163,65,11846.4
1/1/2025,CN,Beijing,pm25,283,30,160,70,3908.22
2/1/2025,CN,Beijing,pm25,280,13,87,34,3156.33
3/1/2025,CN,Beijing,pm25,258,13,122,61,8992.54
4/1/2025,CN,Beijing,pm25,265,55,162,89,8125.08
5/1/2025,CN,Beijing,pm25,269,13,160,72,13755.8
6/1/2025,CN,Beijing,pm25,276,13,78,25,1575.24
7/1/2025,CN,Beijing,pm25,244,9,70,17,1333.67
8/1/2025,CN,Beijing,pm25,223,9,68,21,1349.69
9/1/2025,CN,Beijing,pm25,255,13,68,30,2003.05
10/1/2025,CN,Beijing,pm25,284,21,102,42,2829.01
11/1/2025,CN,Beijing,pm25,288,21,119,61,4574.04
12/1/2025,CN,Beijing,pm25,278,25,112,57,5076.1
13/01/2025,CN,Beijing,pm25,281,17,152,91,6016.58
14/01/2025,CN,Beijing,pm25,252,13,151,30,3600.22
15/01/2025,CN,Beijing,pm25,263,13,99,50,4282.93
16/01/2025,CN,Beijing,pm25,271,34,117,59,2954.91
17/01/2025,CN,Beijing,pm25,281,46,173,95,14406.3
18/01/2025,CN,Beijing,pm25,288,76,177,142,5839.8
19/01/2025,CN,Beijing,pm25,280,30,174,50,13969.4
20/01/2025,CN,Beijing,pm25,281,46,339,85,19560.9
21/01/2025,CN,Beijing,pm25,283,13,211,63,19598.7
22/01/2025,CN,Beijing,pm25,288,42,158,104,5741.99
23/01/2025,CN,Beijing,pm25,283,95,169,144,2454.93
24/01/2025,CN,Beijing,pm25,286,151,193,164,735.47
25/01/2025,CN,Beijing,pm25,288,159,195,179,852.15
26/01/2025,CN,Beijing,pm25,266,13,188,85,24329.7
27/01/2025,CN,Beijing,pm25,189,13,46,21,312.08
28/01/2025,CN,Beijing,pm25,219,5,165,30,10318.3
29/01/2025,CN,Beijing,pm25,288,55,333,158,15645.9
30/01/2025,CN,Beijing,pm25,288,21,183,112,15651.2
31/01/2025,CN,Beijing,pm25,285,104,162,139,2274.74
1/2/2025,CN,Beijing,pm25,287,102,167,155,2619.48
2/2/2025,CN,Beijing,pm25,277,13,168,50,44925.8
3/2/2025,CN,Beijing,pm25,213,9,30,17,169.38
4/2/2025,CN,Beijing,pm25,236,5,55,30,997.77
5/2/2025,CN,Beijing,pm25,272,13,78,34,2152.67
6/2/2025,CN,Beijing,pm25,275,21,85,50,2131.5
7/2/2025,CN,Beijing,pm25,224,13,78,25,1181.97
8/2/2025,CN,Beijing,pm25,236,5,68,25,1302.79
9/2/2025,CN,Beijing,pm25,276,5,112,42,4404.46
10/2/2025,CN,Beijing,pm25,282,61,234,104,13312.4
11/2/2025,CN,Beijing,pm25,288,53,191,175,1649.59
12/2/2025,CN,Beijing,pm25,267,5,104,25,3026.76
13/02/2025,CN,Beijing,pm25,284,46,198,104,15757.2
14/02/2025,CN,Beijing,pm25,288,57,168,93,8334.86
15/02/2025,CN,Beijing,pm25,284,61,179,114,9994.13
16/02/2025,CN,Beijing,pm25,280,13,78,34,1853.68
17/02/2025,CN,Beijing,pm25,245,5,80,25,3169.8
18/02/2025,CN,Beijing,pm25,285,13,107,61,5051.64
19/02/2025,CN,Beijing,pm25,275,9,132,38,3799.2
20/02/2025,CN,Beijing,pm25,275,5,124,34,3976.15
21/02/2025,CN,Beijing,pm25,263,5,82,34,2154.23
22/02/2025,CN,Beijing,pm25,265,5,70,30,914.74
23/02/2025,CN,Beijing,pm25,269,9,80,30,2142.36
24/02/2025,CN,Beijing,pm25,284,34,154,72,3220
25/02/2025,CN,Beijing,pm25,279,21,162,53,16870.6
26/02/2025,CN,Beijing,pm25,287,30,149,91,9742.32
27/02/2025,CN,Beijing,pm25,285,102,200,163,6471.55
28/02/2025,CN,Beijing,pm25,288,127,200,177,1430.6
1/3/2025,CN,Beijing,pm25,288,172,282,238,6704.54
2/3/2025,CN,Beijing,pm25,278,30,199,144,27331.7
3/3/2025,CN,Beijing,pm25,281,25,144,53,2851.09
4/3/2025,CN,Beijing,pm25,284,50,99,72,1104.33
5/3/2025,CN,Beijing,pm25,264,30,170,151,13758.3
6/3/2025,CN,Beijing,pm25,235,13,82,34,1593.37
7/3/2025,CN,Beijing,pm25,263,57,173,154,10056.9
8/3/2025,CN,Beijing,pm25,260,151,181,166,276.06
9/3/2025,CN,Beijing,pm25,241,157,232,178,3545.57
10/3/2025,CN,Beijing,pm25,262,159,197,179,540.35
11/3/2025,CN,Beijing,pm25,262,190,244,206,1521.07
12/3/2025,CN,Beijing,pm25,240,17,240,53,23765.7
13/03/2025,CN,Beijing,pm25,260,53,185,132,10140.4
14/03/2025,CN,Beijing,pm25,259,68,122,85,1084.44
15/03/2025,CN,Beijing,pm25,262,38,134,89,3509.73
16/03/2025,CN,Beijing,pm25,252,21,70,38,805.54
17/03/2025,CN,Beijing,pm25,261,25,76,42,1587.65
18/03/2025,CN,Beijing,pm25,233,21,93,55,2523.16
19/03/2025,CN,Beijing,pm25,258,21,112,63,5932.02
20/03/2025,CN,Beijing,pm25,243,13,107,34,4390.7
21/03/2025,CN,Beijing,pm25,251,25,89,42,1422.4
22/03/2025,CN,Beijing,pm25,258,34,97,61,856.99
23/03/2025,CN,Beijing,pm25,264,61,185,122,12442.7
24/03/2025,CN,Beijing,pm25,258,17,180,59,26327
25/03/2025,CN,Beijing,pm25,251,17,107,46,2461.77
26/03/2025,CN,Beijing,pm25,260,46,151,93,2518.42
27/03/2025,CN,Beijing,pm25,252,13,155,38,10892.5
28/03/2025,CN,Beijing,pm25,250,9,149,50,3551.85
29/03/2025,CN,Beijing,pm25,225,5,85,25,1308.98
30/03/2025,CN,Beijing,pm25,253,25,104,61,2275.63
31/03/2025,CN,Beijing,pm25,264,17,154,107,8122.15
1/4/2025,CN,Beijing,pm25,248,9,151,34,17159.7
2/4/2025,CN,Beijing,pm25,224,9,74,30,2922.25
3/4/2025,CN,Beijing,pm25,263,46,152,89,3949.14
4/4/2025,CN,Beijing,pm25,252,13,166,144,36445.2
5/4/2025,CN,Beijing,pm25,213,5,72,17,2478.48
6/4/2025,CN,Beijing,pm25,262,38,162,109,10428.1
7/4/2025,CN,Beijing,pm25,259,13,180,132,33357.9
8/4/2025,CN,Beijing,pm25,254,13,275,38,19164
9/4/2025,CN,Beijing,pm25,261,13,151,80,3390.67
10/4/2025,CN,Beijing,pm25,260,57,174,117,10168.4
11/4/2025,CN,Beijing,pm25,262,57,178,157,8182.89
12/4/2025,CN,Beijing,pm25,255,17,142,59,5480.51
13/04/2025,CN,Beijing,pm25,261,21,104,65,2513.27
14/04/2025,CN,Beijing,pm25,251,25,174,76,15193.8
15/04/2025,CN,Beijing,pm25,261,30,161,78,8663.69
16/04/2025,CN,Beijing,pm25,260,59,173,156,10984.4
17/04/2025,CN,Beijing,pm25,260,30,161,85,22000.1
18/04/2025,CN,Beijing,pm25,263,17,151,38,4253.52
19/04/2025,CN,Beijing,pm25,264,53,151,85,2902.66
20/04/2025,CN,Beijing,pm25,264,68,165,122,7928.39
21/04/2025,CN,Beijing,pm25,260,42,180,156,10740.8
22/04/2025,CN,Beijing,pm25,239,13,154,25,5623.21
23/04/2025,CN,Beijing,pm25,256,13,119,59,7609.81
24/04/2025,CN,Beijing,pm25,236,13,76,25,2141.14
25/04/2025,CN,Beijing,pm25,263,17,155,63,9009.91
26/04/2025,CN,Beijing,pm25,262,91,172,153,5571.52
27/04/2025,CN,Beijing,pm25,219,13,170,25,12330.2
28/04/2025,CN,Beijing,pm25,261,17,169,68,6067.09
29/04/2025,CN,Beijing,pm25,260,38,144,74,3898.42
30/04/2025,CN,Beijing,pm25,261,13,149,50,5151.68
1/5/2025,CN,Beijing,pm25,243,21,104,42,2299.6
2/5/2025,CN,Beijing,pm25,264,21,89,63,2680.14
3/5/2025,CN,Beijing,pm25,240,13,70,30,1953.08
4/5/2025,CN,Beijing,pm25,264,21,152,68,4198.04
5/5/2025,CN,Beijing,pm25,262,34,151,93,5132.21
6/5/2025,CN,Beijing,pm25,261,21,74,46,1170.76
7/5/2025,CN,Beijing,pm25,264,53,162,99,10387.7
8/5/2025,CN,Beijing,pm25,262,91,178,154,5589.64
9/5/2025,CN,Beijing,pm25,246,5,165,34,21715.2
10/5/2025,CN,Beijing,pm25,262,17,139,99,13100.2
11/5/2025,CN,Beijing,pm25,259,59,152,117,6290.23
12/5/2025,CN,Beijing,pm25,261,82,167,132,4767.95
13/05/2025,CN,Beijing,pm25,263,17,198,142,27996.4
14/05/2025,CN,Beijing,pm25,258,13,102,50,3321.59
15/05/2025,CN,Beijing,pm25,259,30,155,72,9041.39
16/05/2025,CN,Beijing,pm25,263,42,193,112,11630.7
17/05/2025,CN,Beijing,pm25,262,9,162,46,7160.74
18/05/2025,CN,Beijing,pm25,258,17,151,68,9439
19/05/2025,CN,Beijing,pm25,262,34,142,82,2975.07
20/05/2025,CN,Beijing,pm25,263,85,181,153,3095.31
21/05/2025,CN,Beijing,pm25,261,72,163,129,4577.3
22/05/2025,CN,Beijing,pm25,260,13,158,119,5600.86
23/05/2025,CN,Beijing,pm25,264,50,134,102,4058.54
24/05/2025,CN,Beijing,pm25,262,17,134,65,8083.61
25/05/2025,CN,Beijing,pm25,264,53,137,82,3800.66
26/05/2025,CN,Beijing,pm25,256,57,144,99,3617.08
27/05/2025,CN,Beijing,pm25,261,25,158,70,7930.33
28/05/2025,CN,Beijing,pm25,261,30,161,97,10239.8
29/05/2025,CN,Beijing,pm25,256,59,162,117,12525.9
30/05/2025,CN,Beijing,pm25,264,80,152,107,2645.15
31/05/2025,CN,Beijing,pm25,263,53,169,137,8159.15
1/6/2025,CN,Beijing,pm25,261,70,163,127,6739.69
2/6/2025,CN,Beijing,pm25,159,5,119,63,10758.9
3/6/2025,CN,Beijing,pm25,87,5,46,13,804.69
4/6/2025,CN,Beijing,pm25,237,9,104,30,2550.83
5/6/2025,CN,Beijing,pm25,233,13,152,68,4288.75
6/6/2025,CN,Beijing,pm25,251,17,134,53,3502.76
7/6/2025,CN,Beijing,pm25,250,13,80,42,2526.19
8/6/2025,CN,Beijing,pm25,262,30,134,70,2551.51
9/6/2025,CN,Beijing,pm25,261,21,132,80,8769.35
10/6/2025,CN,Beijing,pm25,247,21,80,50,1480.98
11/6/2025,CN,Beijing,pm25,263,50,107,72,1085.93
12/6/2025,CN,Beijing,pm25,259,61,147,95,3116.02
13/06/2025,CN,Beijing,pm25,261,46,154,80,7122.38
14/06/2025,CN,Beijing,pm25,258,42,157,87,13590.6
15/06/2025,CN,Beijing,pm25,210,9,91,17,7064.42
16/06/2025,CN,Beijing,pm25,218,5,104,25,3820.21
17/06/2025,CN,Beijing,pm25,257,42,155,63,5656
18/06/2025,CN,Beijing,pm25,257,46,165,93,8638.69
19/06/2025,CN,Beijing,pm25,260,30,142,68,2443.59
20/06/2025,CN,Beijing,pm25,243,13,155,34,22587.3
21/06/2025,CN,Beijing,pm25,242,13,61,25,1548.99
22/06/2025,CN,Beijing,pm25,258,21,99,53,1978.98
23/06/2025,CN,Beijing,pm25,254,59,187,82,4395.15
24/06/2025,CN,Beijing,pm25,262,59,206,95,5840.49
25/06/2025,CN,Beijing,pm25,264,59,171,89,11253.7
26/06/2025,CN,Beijing,pm25,263,57,155,87,5681.77
27/06/2025,CN,Beijing,pm25,262,46,164,112,7719.81
28/06/2025,CN,Beijing,pm25,264,38,139,89,3445.93
29/06/2025,CN,Beijing,pm25,264,30,172,112,13406.4
30/06/2025,CN,Beijing,pm25,261,13,158,80,8065.12
1/7/2025,CN,Beijing,pm25,256,13,157,57,10091.7
2/7/2025,CN,Beijing,pm25,261,5,147,63,8669.07
3/7/2025,CN,Beijing,pm25,254,13,109,55,2918.29
4/7/2025,CN,Beijing,pm25,260,21,152,70,7585.75
5/7/2025,CN,Beijing,pm25,183,5,176,17,27909.9
6/7/2025,CN,Beijing,pm25,149,5,55,25,1441.84
30/06/2025,CN,Beijing,pm25,261,13,158,80,8065.12
1/7/2025,CN,Beijing,pm25,256,13,157,57,10091.7
2/7/2025,CN,Beijing,pm25,261,5,147,63,8669.07
3/7/2025,CN,Beijing,pm25,254,13,109,55,2918.29
4/7/2025,CN,Beijing,pm25,260,21,152,70,7585.75
5/7/2025,CN,Beijing,pm25,183,5,176,17,27909.9
6/7/2025,CN,Beijing,pm25,149,5,55,25,1441.84
7/7/2025,CN,Beijing,pm25,259,30,89,57,1152.91
8/7/2025,CN,Beijing,pm25,257,30,95,63,1119.9
9/7/2025,CN,Beijing,pm25,262,17,168,76,12726.1
10/7/2025,CN,Beijing,pm25,247,5,124,63,5524.39
11/7/2025,CN,Beijing,pm25,263,21,157,91,7357.35
12/7/2025,CN,Beijing,pm25,259,34,156,93,10983.4
13/07/2025,CN,Beijing,pm25,248,13,68,30,1554.42
14/07/2025,CN,Beijing,pm25,248,30,112,59,1724.31
15/07/2025,CN,Beijing,pm25,261,53,153,74,3121.43
16/07/2025,CN,Beijing,pm25,260,13,160,65,11977.4
17/07/2025,CN,Beijing,pm25,179,5,82,21,2675.95
18/07/2025,CN,Beijing,pm25,259,25,117,61,2046.52
19/07/2025,CN,Beijing,pm25,264,68,154,97,3126.14
20/07/2025,CN,Beijing,pm25,243,5,171,25,19494.3
21/07/2025,CN,Beijing,pm25,255,13,147,50,9474.05
22/07/2025,CN,Beijing,pm25,262,30,167,63,11884
23/07/2025,CN,Beijing,pm25,263,9,152,61,17157.4
24/07/2025,CN,Beijing,pm25,262,5,102,53,5152.65
25/07/2025,CN,Beijing,pm25,259,5,119,55,8909.63
26/07/2025,CN,Beijing,pm25,192,38,153,74,8362.43
27/07/2025,CN,Beijing,pm25,264,25,142,68,6486.24
28/07/2025,CN,Beijing,pm25,259,9,127,65,6608.47
29/07/2025,CN,Beijing,pm25,242,5,53,17,744.76
30/07/2025,CN,Beijing,pm25,237,13,65,25,1310.08
31/07/2025,CN,Beijing,pm25,262,30,117,57,2106.51
1/8/2025,CN,Beijing,pm25,264,59,132,80,1141.75
2/8/2025,CN,Beijing,pm25,264,57,154,91,4835.59
3/8/2025,CN,Beijing,pm25,263,25,155,57,10197.7
4/8/2025,CN,Beijing,pm25,263,17,119,72,2661.45
5/8/2025,CN,Beijing,pm25,258,13,114,61,4068.51
6/8/2025,CN,Beijing,pm25,264,5,155,70,6593.3
7/8/2025,CN,Beijing,pm25,258,9,122,42,6511.82
8/8/2025,CN,Beijing,pm25,264,30,117,74,4253.16
9/8/2025,CN,Beijing,pm25,216,5,85,30,4889.05
10/8/2025,CN,Beijing,pm25,260,13,76,42,1737.67
11/8/2025,CN,Beijing,pm25,248,38,89,68,911.92
12/8/2025,CN,Beijing,pm25,230,21,153,76,8007.11
13/08/2025,CN,Beijing,pm25,236,5,102,57,8507.21
14/08/2025,CN,Beijing,pm25,256,13,114,50,4741.57
15/08/2025,CN,Beijing,pm25,264,30,134,82,3099.69
16/08/2025,CN,Beijing,pm25,264,17,114,50,3005.32
17/08/2025,CN,Beijing,pm25,262,30,127,76,4134.61
18/08/2025,CN,Beijing,pm25,254,13,122,68,4607.02
19/08/2025,CN,Beijing,pm25,261,5,119,34,8616.15
20/08/2025,CN,Beijing,pm25,257,9,122,42,7375.55
21/08/2025,CN,Beijing,pm25,258,13,132,70,7030.57
22/08/2025,CN,Beijing,pm25,251,17,76,42,1540.51
23/08/2025,CN,Beijing,pm25,253,21,87,38,2303.42
24/08/2025,CN,Beijing,pm25,247,17,63,34,1166.89
25/08/2025,CN,Beijing,pm25,259,17,78,46,2052.23
26/08/2025,CN,Beijing,pm25,248,21,78,42,1269.86
27/08/2025,CN,Beijing,pm25,263,9,91,53,3249.83
28/08/2025,CN,Beijing,pm25,223,5,74,30,2994.8
29/08/2025,CN,Beijing,pm25,257,53,117,74,1565.93
30/08/2025,CN,Beijing,pm25,256,17,147,63,9136.05
31/08/2025,CN,Beijing,pm25,260,17,78,57,1382.72
1/9/2025,CN,Beijing,pm25,254,13,134,38,5670.23
2/9/2025,CN,Beijing,pm25,263,34,132,85,5039.11
3/9/2025,CN,Beijing,pm25,262,46,149,82,7019.83
4/9/2025,CN,Beijing,pm25,263,42,168,93,13597.2
5/9/2025,CN,Beijing,pm25,262,13,163,85,12338.5
6/9/2025,CN,Beijing,pm25,264,17,93,42,3642.2
7/9/2025,CN,Beijing,pm25,245,17,85,50,2008.07
8/9/2025,CN,Beijing,pm25,252,13,85,34,3138.26
9/9/2025,CN,Beijing,pm25,261,34,153,76,7377.06
10/9/2025,CN,Beijing,pm25,263,13,127,74,4206.72
11/9/2025,CN,Beijing,pm25,259,50,168,82,13796.7
12/9/2025,CN,Beijing,pm25,259,38,164,102,14912.2
13/09/2025,CN,Beijing,pm25,261,34,162,78,12154.6
14/09/2025,CN,Beijing,pm25,252,9,119,50,10139.2
15/09/2025,CN,Beijing,pm25,225,9,70,34,2476.58
16/09/2025,CN,Beijing,pm25,206,9,95,30,7054.55
17/09/2025,CN,Beijing,pm25,202,5,65,17,2000.87
18/09/2025,CN,Beijing,pm25,244,9,74,25,2530.63
19/09/2025,CN,Beijing,pm25,257,21,85,50,2320.63
20/09/2025,CN,Beijing,pm25,258,34,107,59,1946.21
21/09/2025,CN,Beijing,pm25,260,17,142,80,8589.52
22/09/2025,CN,Beijing,pm25,262,21,151,55,5170.49
23/09/2025,CN,Beijing,pm25,260,42,153,78,3525.9
24/09/2025,CN,Beijing,pm25,260,13,158,99,10826.1
25/09/2025,CN,Beijing,pm25,255,25,139,61,4914.65
26/09/2025,CN,Beijing,pm25,258,34,156,68,3746.91
27/09/2025,CN,Beijing,pm25,262,57,147,91,2568
28/09/2025,CN,Beijing,pm25,262,13,154,72,14512.1
29/09/2025,CN,Beijing,pm25,257,17,109,46,4205.79
30/09/2025,CN,Beijing,pm25,257,21,127,55,5113.32
1/10/2025,CN,Beijing,pm25,259,38,129,63,3218.45
2/10/2025,CN,Beijing,pm25,261,34,155,70,4838.16
3/10/2025,CN,Beijing,pm25,264,30,165,74,6061.91
4/10/2025,CN,Beijing,pm25,263,46,153,87,6072.17
5/10/2025,CN,Beijing,pm25,261,42,171,76,11133.1
6/10/2025,CN,Beijing,pm25,227,9,70,38,2521.53
7/10/2025,CN,Beijing,pm25,261,42,132,85,3316.5
8/10/2025,CN,Beijing,pm25,246,9,117,38,5659.07
9/10/2025,CN,Beijing,pm25,211,9,53,17,557.64
10/10/2025,CN,Beijing,pm25,255,17,65,34,972.45
11/10/2025,CN,Beijing,pm25,259,13,76,42,1556.1
12/10/2025,CN,Beijing,pm25,260,42,78,59,401.33
13/10/2025,CN,Beijing,pm25,260,53,134,74,2154.86
14/10/2025,CN,Beijing,pm25,260,25,151,80,6777.35
15/10/2025,CN,Beijing,pm25,264,63,167,134,9339.87
16/10/2025,CN,Beijing,pm25,259,70,170,109,8485.21
17/10/2025,CN,Beijing,pm25,193,5,127,85,21743.4
18/10/2025,CN,Beijing,pm25,148,5,70,25,1228.41
19/10/2025,CN,Beijing,pm25,240,9,55,25,1142.18
20/10/2025,CN,Beijing,pm25,234,13,80,30,3312.73
21/10/2025,CN,Beijing,pm25,259,17,102,50,2821.57
22/10/2025,CN,Beijing,pm25,257,34,149,80,9796.32
23/10/2025,CN,Beijing,pm25,257,95,157,132,1934.42
24/10/2025,CN,Beijing,pm25,264,109,179,159,1401.72
25/10/2025,CN,Beijing,pm25,263,156,197,173,537.87
26/10/2025,CN,Beijing,pm25,153,5,191,17,37795.6
27/10/2025,CN,Beijing,pm25,229,5,152,53,15880.7
28/10/2025,CN,Beijing,pm25,264,68,200,154,15885.3
29/10/2025,CN,Beijing,pm25,263,175,216,197,675.89
30/10/2025,CN,Beijing,pm25,257,55,216,187,11708.7
31/10/2025,CN,Beijing,pm25,259,9,173,95,24542.2
1/11/2025,CN,Beijing,pm25,176,5,181,70,42575.9
2/11/2025,CN,Beijing,pm25,138,5,109,30,5948.98
3/11/2025,CN,Beijing,pm25,264,46,152,97,3918.69
4/11/2025,CN,Beijing,pm25,264,34,177,142,3816.78
5/11/2025,CN,Beijing,pm25,264,139,242,194,4648.81
6/11/2025,CN,Beijing,pm25,261,85,239,190,8128.35
7/11/2025,CN,Beijing,pm25,262,70,183,112,14687.5
8/11/2025,CN,Beijing,pm25,260,74,154,124,3549.92
9/11/2025,CN,Beijing,pm25,228,9,147,21,10761.4
10/11/2025,CN,Beijing,pm25,261,13,152,57,9107.37
11/11/2025,CN,Beijing,pm25,262,57,197,89,22573.9
12/11/2025,CN,Beijing,pm25,250,13,199,165,51750.9
13/11/2025,CN,Beijing,pm25,215,9,97,25,6843.72
14/11/2025,CN,Beijing,pm25,264,46,158,93,8514.68
15/11/2025,CN,Beijing,pm25,261,53,178,124,13550.9
16/11/2025,CN,Beijing,pm25,148,5,178,13,21877.9
17/11/2025,CN,Beijing,pm25,142,5,46,17,524.17
18/11/2025,CN,Beijing,pm25,220,5,158,30,7019.3
19/11/2025,CN,Beijing,pm25,264,34,162,78,9498.79
20/11/2025,CN,Beijing,pm25,220,9,172,21,27848.4
21/11/2025,CN,Beijing,pm25,260,50,175,109,13736
22/11/2025,CN,Beijing,pm25,264,65,165,117,8171.84
23/11/2025,CN,Beijing,pm25,264,87,165,152,3256.91
24/11/2025,CN,Beijing,pm25,241,9,167,38,32735.8
25/11/2025,CN,Beijing,pm25,218,5,117,50,9217.02
26/11/2025,CN,Beijing,pm25,263,21,164,99,7663.11
27/11/2025,CN,Beijing,pm25,239,9,163,30,6433.42
28/11/2025,CN,Beijing,pm25,264,55,159,99,8901.4
29/11/2025,CN,Beijing,pm25,264,63,170,142,5292.31
30/11/2025,CN,Beijing,pm25,263,38,180,74,23214.9
1/12/2025,CN,Beijing,pm25,251,9,82,21,1619.73
2/12/2025,CN,Beijing,pm25,168,5,61,17,1269.72
3/12/2025,CN,Beijing,pm25,248,9,119,57,7583.98
4/12/2025,CN,Beijing,pm25,242,9,137,42,10112.5
5/12/2025,CN,Beijing,pm25,264,34,161,93,13974
6/12/2025,CN,Beijing,pm25,264,93,177,152,4212.16
7/12/2025,CN,Beijing,pm25,251,9,175,34,36187.4
8/12/2025,CN,Beijing,pm25,218,5,82,42,4314.33
9/12/2025,CN,Beijing,pm25,263,55,159,89,6858.2
10/12/2025,CN,Beijing,pm25,261,91,165,144,3493.15
11/12/2025,CN,Beijing,pm25,260,30,175,95,14510
12/12/2025,CN,Beijing,pm25,261,25,109,68,3231.03
13/12/2025,CN,Beijing,pm25,254,13,122,53,7092.73
14/12/2025,CN,Beijing,pm25,250,53,144,85,3490.38
15/12/2025,CN,Beijing,pm25,262,85,180,114,7128.94
16/12/2025,CN,Beijing,pm25,255,30,171,89,17733.3
17/12/2025,CN,Beijing,pm25,262,74,227,160,14529.6
18/12/2025,CN,Beijing,pm25,261,164,237,199,1424.58
19/12/2025,CN,Beijing,pm25,243,9,247,206,85660.5
20/12/2025,CN,Beijing,pm25,87,5,25,13,134.6
21/12/2025,CN,Beijing,pm25,227,5,99,46,5379.76
22/12/2025,CN,Beijing,pm25,260,70,165,99,10728.8
23/12/2025,CN,Beijing,pm25,227,9,164,38,42327.1
24/12/2025,CN,Beijing,pm25,229,9,61,25,1843.46
25/12/2025,CN,Beijing,pm25,211,5,91,34,4943.38
26/12/2025,CN,Beijing,pm25,256,46,155,93,11392.4
27/12/2025,CN,Beijing,pm25,251,87,158,122,4118.11
28/12/2025,CN,Beijing,pm25,264,30,199,159,3963.42
29/12/2025,CN,Beijing,pm25,243,9,167,25,22207.2
30/12/2025,CN,Beijing,pm25,251,5,139,25,9086.07
31/12/2025,CN,Beijing,pm25,171,9,89,30,5108.75
1/1/2026,CN,Beijing,pm25,257,17,91,42,3226.62
2/1/2026,CN,Beijing,pm25,246,17,170,50,28940.4
3/1/2026,CN,Beijing,pm25,262,50,171,80,13463
4/1/2026,CN,Beijing,pm25,264,38,166,104,13203.5
5/1/2026,CN,Beijing,pm25,262,21,169,78,24938.4
6/1/2026,CN,Beijing,pm25,263,13,175,57,20602
7/1/2026,CN,Beijing,pm25,237,13,99,42,4999.23
8/1/2026,CN,Beijing,pm25,259,34,158,89,11914.9
9/1/2026,CN,Beijing,pm25,261,17,164,137,21192
10/1/2026,CN,Beijing,pm25,179,17,95,25,1022.19
11/1/2026,CN,Beijing,pm25,217,13,117,42,5014.44
12/1/2026,CN,Beijing,pm25,261,25,152,80,5572.28
13/01/2026,CN,Beijing,pm25,249,13,122,59,6142.21
14/01/2026,CN,Beijing,pm25,262,63,154,112,5566.31
15/01/2026,CN,Beijing,pm25,261,134,182,164,1484.95
16/01/2026,CN,Beijing,pm25,251,13,169,38,35942.3
17/01/2026,CN,Beijing,pm25,239,17,82,46,2907.02
18/01/2026,CN,Beijing,pm25,264,13,132,70,5545.61
19/01/2026,CN,Beijing,pm25,206,13,46,25,711.27
20/01/2026,CN,Beijing,pm25,210,9,102,30,3553.67
21/01/2026,CN,Beijing,pm25,239,13,124,34,7363.95
22/01/2026,CN,Beijing,pm25,260,25,142,61,9003.38
23/01/2026,CN,Beijing,pm25,264,30,170,78,13326.4
24/01/2026,CN,Beijing,pm25,259,30,170,72,11726.9
25/01/2026,CN,Beijing,pm25,260,13,144,82,16620.1
26/01/2026,CN,Beijing,pm25,262,21,175,102,13855
27/01/2026,CN,Beijing,pm25,251,13,177,57,12675.6
28/01/2026,CN,Beijing,pm25,260,59,162,107,8107.32
29/01/2026,CN,Beijing,pm25,263,74,166,127,8077.42
30/01/2026,CN,Beijing,pm25,264,147,180,164,337.62
31/01/2026,CN,Beijing,pm25,262,17,184,159,27416.6
1/2/2026,CN,Beijing,pm25,244,9,189,57,35821.9
2/2/2026,CN,Beijing,pm25,219,9,127,46,11640.3
3/2/2026,CN,Beijing,pm25,238,50,197,102,19130.1
4/2/2026,CN,Beijing,pm25,256,57,198,153,5840.31
5/2/2026,CN,Beijing,pm25,249,9,188,25,24696.2
6/2/2026,CN,Beijing,pm25,143,5,63,21,2417.01
7/2/2026,CN,Beijing,pm25,236,13,74,21,1915.88
8/2/2026,CN,Beijing,pm25,248,13,163,53,20378.7
9/2/2026,CN,Beijing,pm25,264,65,189,124,17636.1
10/2/2026,CN,Beijing,pm25,264,13,185,114,34804.3
11/2/2026,CN,Beijing,pm25,250,13,159,53,24384
12/2/2026,CN,Beijing,pm25,262,82,163,119,4762.66
13/02/2026,CN,Beijing,pm25,262,87,180,139,7746.52
14/02/2026,CN,Beijing,pm25,262,9,206,82,49215.6
15/02/2026,CN,Beijing,pm25,192,9,102,21,1184.44
16/02/2026,CN,Beijing,pm25,220,13,171,25,15573.7
17/02/2026,CN,Beijing,pm25,264,57,348,117,25801.3
18/02/2026,CN,Beijing,pm25,261,13,151,46,11668.6
19/02/2026,CN,Beijing,pm25,262,55,160,114,3916.3
20/02/2026,CN,Beijing,pm25,263,80,174,152,2924.41
21/02/2026,CN,Beijing,pm25,255,50,286,157,13992.2
22/02/2026,CN,Beijing,pm25,228,13,132,25,2891.45
23/02/2026,CN,Beijing,pm25,247,13,114,34,3918.83
24/02/2026,CN,Beijing,pm25,261,59,171,89,9100.02
25/02/2026,CN,Beijing,pm25,259,127,174,162,681.31
26/02/2026,CN,Beijing,pm25,262,42,172,153,19542
27/02/2026,CN,Beijing,pm25,228,38,119,68,5251.02
28/02/2026,CN,Beijing,pm25,263,102,159,132,2659.13
1/3/2026,CN,Beijing,pm25,260,97,168,157,3047.43
2/3/2026,CN,Beijing,pm25,264,153,181,169,306.31
3/3/2026,CN,Beijing,pm25,263,17,191,174,30573.1
4/3/2026,CN,Beijing,pm25,259,13,209,117,33482
5/3/2026,CN,Beijing,pm25,260,80,160,147,3952.73
6/3/2026,CN,Beijing,pm25,237,13,159,50,23046
7/3/2026,CN,Beijing,pm25,264,34,171,154,11030
8/3/2026,CN,Beijing,pm25,250,5,169,151,27484.9
9/3/2026,CN,Beijing,pm25,186,9,176,25,24163.2
10/3/2026,CN,Beijing,pm25,264,95,179,159,1990.58
11/3/2026,CN,Beijing,pm25,247,13,177,99,41323.2
12/3/2026,CN,Beijing,pm25,261,91,174,161,1332.7
13/03/2026,CN,Beijing,pm25,258,93,173,153,4151.88
14/03/2026,CN,Beijing,pm25,243,13,172,95,32643.9
15/03/2026,CN,Beijing,pm25,263,65,166,97,7683.36
16/03/2026,CN,Beijing,pm25,260,68,167,104,5317.02
17/03/2026,CN,Beijing,pm25,263,160,195,186,1025.41
18/03/2026,CN,Beijing,pm25,176,5,197,17,18184.7
19/03/2026,CN,Beijing,pm25,262,30,149,82,3958.68
20/03/2026,CN,Beijing,pm25,261,13,156,95,7309.22
21/03/2026,CN,Beijing,pm25,264,57,192,124,15010.8
22/03/2026,CN,Beijing,pm25,264,17,205,127,36449
23/03/2026,CN,Beijing,pm25,264,97,188,168,3865.69
24/03/2026,CN,Beijing,pm25,264,132,221,185,2992.74
25/03/2026,CN,Beijing,pm25,261,158,239,197,4289.27
26/03/2026,CN,Beijing,pm25,263,13,279,193,25787.4
27/03/2026,CN,Beijing,pm25,192,9,154,21,20703.5
28/03/2026,CN,Beijing,pm25,263,68,170,134,10608.7
29/03/2026,CN,Beijing,pm25,252,25,199,127,26743.4
30/03/2026,CN,Beijing,pm25,256,13,97,34,1787.32
31/03/2026,CN,Beijing,pm25,261,38,139,91,5405.57
1/4/2026,CN,Beijing,pm25,248,9,144,61,14653.6
2/4/2026,CN,Beijing,pm25,262,38,171,91,20616.5
3/4/2026,CN,Beijing,pm25,253,9,196,166,54153.8
4/4/2026,CN,Beijing,pm25,237,9,164,93,21153.8
5/4/2026,CN,Beijing,pm25,216,9,119,34,15238.1
6/4/2026,CN,Beijing,pm25,197,5,61,17,926.67
7/4/2026,CN,Beijing,pm25,238,9,109,30,5422.9
8/4/2026,CN,Beijing,pm25,264,68,172,134,10575.6
9/4/2026,CN,Beijing,pm25,262,68,175,114,5414.58
10/4/2026,CN,Beijing,pm25,253,9,144,99,17740.6
11/4/2026,CN,Beijing,pm25,257,9,102,59,5188.77
12/4/2026,CN,Beijing,pm25,264,57,162,97,7106.3
13/04/2026,CN,Beijing,pm25,261,42,185,89,12888.1
14/04/2026,CN,Beijing,pm25,263,82,159,132,4178.68
15/04/2026,CN,Beijing,pm25,261,129,174,159,864.42
16/04/2026,CN,Beijing,pm25,261,53,199,167,27164.9
17/04/2026,CN,Beijing,pm25,263,53,168,127,7802.79
18/04/2026,CN,Beijing,pm25,263,63,198,166,8066.79
19/04/2026,CN,Beijing,pm25,264,50,167,87,5534.16
20/04/2026,CN,Beijing,pm25,263,46,194,87,5302.62
21/04/2026,CN,Beijing,pm25,260,38,158,87,5594.67
22/04/2026,CN,Beijing,pm25,260,34,155,95,8778.16
23/04/2026,CN,Beijing,pm25,263,50,164,95,13846.4
24/04/2026,CN,Beijing,pm25,264,53,155,109,4239.77
25/04/2026,CN,Beijing,pm25,261,46,167,114,18345.7
26/04/2026,CN,Beijing,pm25,262,13,119,68,5526.31
27/04/2026,CN,Beijing,pm25,245,9,85,25,3095.3
28/04/2026,CN,Beijing,pm25,230,9,109,25,10928.6
29/04/2026,CN,Beijing,pm25,246,13,87,30,1815.53
30/04/2026,CN,Beijing,pm25,257,30,122,72,3137.21
1/5/2026,CN,Beijing,pm25,264,61,151,97,3587.32
2/5/2026,CN,Beijing,pm25,222,5,114,63,8754.52
3/5/2026,CN,Beijing,pm25,214,5,97,25,1922.43
4/5/2026,CN,Beijing,pm25,263,17,104,57,3818.69
5/5/2026,CN,Beijing,pm25,262,57,147,85,4775.26
6/5/2026,CN,Beijing,pm25,257,21,158,74,2269.03
7/5/2026,CN,Beijing,pm25,234,9,142,21,3108.67
8/5/2026,CN,Beijing,pm25,257,17,159,63,7226.4
9/5/2026,CN,Beijing,pm25,261,13,155,109,4086.29
10/5/2026,CN,Beijing,pm25,251,9,158,53,33535
11/5/2026,CN,Beijing,pm25,262,13,151,74,5647.05
12/5/2026,CN,Beijing,pm25,262,30,181,93,14658
13/05/2026,CN,Beijing,pm25,259,70,189,142,6009.43
14/05/2026,CN,Beijing,pm25,257,46,314,153,15079.4
15/05/2026,CN,Beijing,pm25,263,82,160,134,3986.75
16/05/2026,CN,Beijing,pm25,263,59,151,87,3424.05
17/05/2026,CN,Beijing,pm25,212,13,117,46,9055.72
18/05/2026,CN,Beijing,pm25,230,9,53,21,684.42
19/05/2026,CN,Beijing,pm25,263,34,122,65,2474.07
20/05/2026,CN,Beijing,pm25,262,13,127,61,9172.59
21/05/2026,CN,Beijing,pm25,260,30,93,57,1560.84
22/05/2026,CN,Beijing,pm25,249,9,157,30,14784.6
23/05/2026,CN,Beijing,pm25,262,17,122,61,2675.76
24/05/2026,CN,Beijing,pm25,260,46,175,124,14786.9
25/05/2026,CN,Beijing,pm25,260,9,142,78,9416.79
26/05/2026,CN,Beijing,pm25,261,30,72,55,939.11
27/05/2026,CN,Beijing,pm25,259,25,97,65,1534.18
28/05/2026,CN,Beijing,pm25,189,5,76,21,2196.87
29/05/2026,CN,Beijing,pm25,251,17,85,38,1484.35
30/05/2026,CN,Beijing,pm25,263,30,139,57,1045.18
31/05/2026,CN,Beijing,pm25,261,30,119,78,2447.97
1/6/2026,CN,Beijing,pm25,249,13,127,46,3512.94
2/6/2026,CN,Beijing,pm25,262,46,158,102,6709.1
3/6/2026,CN,Beijing,pm25,257,17,157,61,8637.26
4/6/2026,CN,Beijing,pm25,252,9,87,38,4136.78
5/6/2026,CN,Beijing,pm25,246,13,70,25,1453.58
6/6/2026,CN,Beijing,pm25,237,5,102,46,6341.77
7/6/2026,CN,Beijing,pm25,246,9,63,25,888.56
8/6/2026,CN,Beijing,pm25,256,9,76,42,1780.97
9/6/2026,CN,Beijing,pm25,216,5,63,17,1125.94
10/6/2026,CN,Beijing,pm25,260,13,89,34,2660.69
11/6/2026,CN,Beijing,pm25,235,9,65,25,1763.89
12/6/2026,CN,Beijing,pm25,261,25,122,57,2956.96
13/06/2026,CN,Beijing,pm25,260,17,157,78,7825.42
14/06/2026,CN,Beijing,pm25,263,17,124,53,3134.69
15/06/2026,CN,Beijing,pm25,264,30,166,137,4518.3
16/06/2026,CN,Beijing,pm25,257,5,142,68,7093.6
17/06/2026,CN,Beijing,pm25,254,9,95,38,4596.91
18/06/2026,CN,Beijing,pm25,263,30,174,112,15896.7
19/06/2026,CN,Beijing,pm25,264,50,177,153,16496.3
20/06/2026,CN,Beijing,pm25,163,5,102,53,9755.83
21/06/2026,CN,Beijing,pm25,190,5,70,21,2728.02
22/06/2026,CN,Beijing,pm25,260,17,142,59,5799.19
23/06/2026,CN,Beijing,pm25,258,25,155,74,7181.98
24/06/2026,CN,Beijing,pm25,260,13,188,89,13288.1
25/06/2026,CN,Beijing,pm25,160,5,155,25,25611.5
26/06/2026,CN,Beijing,pm25,219,13,65,34,1512.28
27/06/2026,CN,Beijing,pm25,258,21,122,59,2829.52
28/06/2026,CN,Beijing,pm25,263,25,164,87,7916.05
29/06/2026,CN,Beijing,pm25,262,21,177,85,16388.1
30/06/2026,CN,Beijing,pm25,259,13,151,46,11925.8
1/7/2026,CN,Beijing,pm25,263,25,99,63,1542.38
2/7/2026,CN,Beijing,pm25,259,38,156,89,6198.2
3/7/2026,CN,Beijing,pm25,264,21,153,70,11931.5
4/7/2026,CN,Beijing,pm25,259,21,132,65,4745.24
5/7/2026,CN,Beijing,pm25,252,13,124,25,4830.19
6/7/2026,CN,Beijing,pm25,249,13,82,38,3264.82
7/7/2026,CN,Beijing,pm25,259,13,161,50,4390.11
8/7/2026,CN,Beijing,pm25,257,25,109,63,2748.87
9/7/2026,CN,Beijing,pm25,258,13,164,55,19729.4
10/7/2026,CN,Beijing,pm25,261,13,134,63,7050.21
11/7/2026,CN,Beijing,pm25,262,5,107,68,3471.61
12/7/2026,CN,Beijing,pm25,255,5,78,30,2731.64
13/07/2026,CN,Beijing,pm25,260,25,91,61,1404.22
14/07/2026,CN,Beijing,pm25,258,17,85,53,3011.3
15/07/2026,CN,Beijing,pm25,255,21,97,50,2219.72
16/07/2026,CN,Beijing,pm25,262,25,163,53,7947.12
17/07/2026,CN,Beijing,pm25,252,17,109,42,4965.25
18/07/2026,CN,Beijing,pm25,263,34,179,63,2328.21
19/07/2026,CN,Beijing,pm25,259,38,147,68,3256.33
20/07/2026,CN,Beijing,pm25,263,21,158,63,13442.6
21/07/2026,CN,Beijing,pm25,262,21,107,63,4117.5
22/07/2026,CN,Beijing,pm25,259,13,85,50,1608.7
23/07/2026,CN,Beijing,pm25,261,38,109,72,1305.27
24/07/2026,CN,Beijing,pm25,262,13,112,80,3113.11
25/07/2026,CN,Beijing,pm25,255,50,149,93,3661.92
26/07/2026,CN,Beijing,pm25,256,38,132,87,3737.38
27/07/2026,CN,Beijing,pm25,242,25,119,74,2997.28
28/07/2026,CN,Beijing,pm25,246,25,154,63,7015.3
29/07/2026,CN,Beijing,pm25,232,13,72,50,1170.39
30/07/2026,CN,Beijing,pm25,233,9,99,59,2035.18
31/07/2026,CN,Beijing,pm25,246,13,124,65,4534.66
1/8/2026,CN,Beijing,pm25,243,5,164,38,3896.47
2/8/2026,CN,Beijing,pm25,264,9,153,65,3904.24
3/8/2026,CN,Beijing,pm25,261,5,99,46,2996.96
4/8/2026,CN,Beijing,pm25,262,17,93,46,1774
5/8/2026,CN,Beijing,pm25,259,17,104,59,2214.93
6/8/2026,CN,Beijing,pm25,258,34,139,72,3069.77
7/8/2026,CN,Beijing,pm25,259,21,122,65,3038.8
8/8/2026,CN,Beijing,pm25,256,21,74,46,999.82
9/8/2026,CN,Beijing,pm25,258,9,85,63,1477.12
10/8/2026,CN,Beijing,pm25,244,13,109,70,1367.04
11/8/2026,CN,Beijing,pm25,260,9,144,68,9097.32
12/8/2026,CN,Beijing,pm25,258,5,97,30,3703.68
13/08/2026,CN,Beijing,pm25,237,9,46,21,505.52
14/08/2026,CN,Beijing,pm25,253,13,74,38,1620.71
15/08/2026,CN,Beijing,pm25,258,21,117,55,1882.61
16/08/2026,CN,Beijing,pm25,250,13,80,30,1893.61
17/08/2026,CN,Beijing,pm25,255,13,80,34,1042.43
18/08/2026,CN,Beijing,pm25,263,25,87,50,917.68
19/08/2026,CN,Beijing,pm25,259,38,107,65,2285.68
20/08/2026,CN,Beijing,pm25,256,30,154,91,4568.74
21/08/2026,CN,Beijing,pm25,264,38,171,91,15388.6
22/08/2026,CN,Beijing,pm25,264,34,102,63,2223.15
23/08/2026,CN,Beijing,pm25,263,21,97,70,2519.95